luck_wdi_adultfemale_bodywall_a	luck_wdi_adultfemale_bodywall_b	luck_wdi_adultfemale_head_a	luck_wdi_adultfemale_head_b	luck_wdi_adultfemale_intestine_a	luck_wdi_adultfemale_intestine_b	luck_wdi_adultfemale_uterus_a	luck_wdi_adultfemale_uterus_b	luck_wdi_adultmale_bodywall_a	luck_wdi_adultmale_bodywall_b	luck_wdi_adultmale_intestine_a	luck_wdi_adultmale_testis_a
fig|82301.12.peg.1	0	0	0.5	0	0	0	0	0	0	0	0	0
fig|82301.12.peg.10	0	0	0	0	0	0	0	0	0	0	0	0
fig|82301.12.peg.100	0	0	0	0	0	0	0	0	0	0	0	0
fig|82301.12.peg.101	0	0	0	0	0	0	0	0	0	0	0	0
fig|82301.12.peg.102	1	0.5	0	0.5	0	0	0	0	1	0.5	0	0
fig|82301.12.peg.103	0.5	0	0	0.27	0	0	0	0.5	0	0	0	0
fig|82301.12.peg.104	0	0	0	0.07	0	0	0	0	0	0	0	0
fig|82301.12.peg.105	0	0	0	0	0	0	0	0	0	0	0	0
fig|82301.12.peg.106	0.26	0	0	0	0	0	0	0	0	0	0	0
fig|82301.12.peg.107	0	0	0	0	0	0	0	0	0	0.5	0	0
fig|82301.12.peg.108	0	0	0	0	0	0	0	0	0	0	0	0
fig|82301.12.peg.109	0	0	0	0	0	0	0	0	0	0	0	0
fig|82301.12.peg.11	0	0	0	0	0	0	0	0	0	0	0	0
fig|82301.12.peg.110	0	1	1	0	0	0	0	0	0	0	0	0
fig|82301.12.peg.111	0	0	0	0	0	0	0	0	0	0	0	0
fig|82301.12.peg.112	0	0	0	0.5	0	0	0	0	0	3	0	0
fig|82301.12.peg.113	0	0	0	0	0	0	0	0	0	0	0	0
fig|82301.12.peg.114	0	0	0	0	0	0	0	0	0	0	0	0
fig|82301.12.peg.115	0	0	0	0	0	0	0	0	0	0	0	0
fig|82301.12.peg.116	0	0	0	0	0	0	0	0	0.5	0.5	0	0
fig|82301.12.peg.117	0	0	0	0	0	0	0	0	0	0	0	0
fig|82301.12.peg.118	0.5	0	0	0	0	0	0	0	0.5	1	0	0
fig|82301.12.peg.119	0	0	0	0	0	0	0	0	0	0	0	0
fig|82301.12.peg.12	0	0	0.5	0	0	0	0	0	1	0.5	0	0
fig|82301.12.peg.120	0	0	0	0	0	0	0	0	0	0	0	0
fig|82301.12.peg.121	0	0	0	0	0	0	0	0	0	0	0	0
fig|82301.12.peg.122	0	0	0	0	0	0	0	0	0	0	0	0
fig|82301.12.peg.123	1.5	6.5	3.5	5	0	0	0	1	3	0.5	0	0
fig|82301.12.peg.124	6.5	16	3	7	0	0	0.5	6	16	11.5	0	0
fig|82301.12.peg.125	0	0	0	0	0	0	0	0	0.5	0.5	0	0
fig|82301.12.peg.126	0	0	0	0	0	0	0	0	0	0	0	0
fig|82301.12.peg.127	0	0	0	0	0	0	0	0	0	0	0	0
fig|82301.12.peg.128	0	0	0	0	0	0	0	0	0	0	0	0
fig|82301.12.peg.129	0	0	0	0	0	0	0	0	0.5	0	0	0
fig|82301.12.peg.13	1	0.5	0.5	1	0	0	0	0.5	2.5	1	0	0
fig|82301.12.peg.130	0	0	0	0	0	0	0	0	0	0	0	0
fig|82301.12.peg.131	0.5	0	0.5	1	0	0	0	0.5	1.5	5.5	0	0
fig|82301.12.peg.132	0	0	0	0	0	0	0	0	0	0	0	0
fig|82301.12.peg.133	0	0	0	0	0	0	0	0	1	0.5	0	0
fig|82301.12.peg.134	0	0	0	0	0	0	0	0	0	0	0	0
fig|82301.12.peg.135	0	0	0	0	0	0	0	0	0	0	0	0
fig|82301.12.peg.136	0	0	0	0	0	0	0	0	0	0	0	0
fig|82301.12.peg.137	0	0	0	0.62	0	0	0	0	1.38	0.91	0	0
fig|82301.12.peg.138	1	0	1	0	0	0	0	0	1	1	0	0
fig|82301.12.peg.139	1.5	0	0	0	0	0	0	0	0	0	0	0
fig|82301.12.peg.14	0	0	0	0	0	0	0	0	1	0.5	0	0
fig|82301.12.peg.140	0	0	0	0	0	0	0	0	4	2.5	0	0
fig|82301.12.peg.141	0.5	1	1	0	0	0	0	0	0.38	0	0	0
fig|82301.12.peg.142	0	0	0	0	0	0	0	0	0.03	0	0	0
fig|82301.12.peg.143	0	0	0	0	0	0	0	0	0	0	0	0
fig|82301.12.peg.144	0	0	0	0	0	0	0	0	0	0	0	0
fig|82301.12.peg.145	0	0	0	0	0	0	0	0	0	0	0	0
fig|82301.12.peg.146	0	0	0	0	0	0	0	0	0	0	0	0
fig|82301.12.peg.147	0	0	0	0	0	0	0	0	1	0	0	0
fig|82301.12.peg.148	0	0	0	0	0	0	0	0	0	0	0	0
fig|82301.12.peg.149	0	0	0	0	0	0	0	0	0	0	0	0
fig|82301.12.peg.15	0	0	0	0	0	0	0	0	0	0	0	0
fig|82301.12.peg.150	0	0	0	0	0	0	0	0	0	0	0	0
fig|82301.12.peg.151	0	0	0	0	0	0	0	0	0	0	0	0
fig|82301.12.peg.152	0	0	0	0	0	0	0	0	0	0	0	0
fig|82301.12.peg.153	0	0	0	0	0	0	0	0	0	0	0	0
fig|82301.12.peg.154	0	0	0	0	0	0	0	0	0	0	0	0
fig|82301.12.peg.155	0	0	0	0	0	0	0	0	1	0.5	0	0
fig|82301.12.peg.156	0	0	0	0	0	0	0	0	0	0	0	0
fig|82301.12.peg.157	0	0	0	0	0	0	0	0	0	0	0	0
fig|82301.12.peg.158	0	0	0	0	0	0	0	0	0	0	0	0
fig|82301.12.peg.159	0	0	0	0	0	0	0	0	0	0	0	0
fig|82301.12.peg.16	0	0	0	0	0	0	0	0	0	0	0	0
fig|82301.12.peg.160	0	0	0	0	0	0	0	0	0	0	0	0
fig|82301.12.peg.161	0	0	0	0	0	0	0	0	0	0	0	0
fig|82301.12.peg.162	3	1	1.5	1.5	0	0	0	0	3	2.5	0	0
fig|82301.12.peg.163	0	0	0	0	0	0	0	0	0	0	0	0
fig|82301.12.peg.164	0	0	0	0	0	0	0	0	0	0	0	0
fig|82301.12.peg.165	0	0	0.5	0	0	0	0	0	2	0.5	0	0
fig|82301.12.peg.166	0	0	0	0	0	0	0	0	0	0	0	0
fig|82301.12.peg.167	0	0	0	0	0	0	0	0	0	0	0	0
fig|82301.12.peg.168	0	0	0	0	0	0	0	0	0	0	0	0
fig|82301.12.peg.169	0	0	0	0	0	0	0	0	0.5	0	0	0
fig|82301.12.peg.17	0	0	0	0	0	0	0	0	0	0	0	0
fig|82301.12.peg.170	0	0	0	0	0	0	0	0	0	0	0	0
fig|82301.12.peg.171	0	0	0	0	0	0	0	0	0	0	0	0
fig|82301.12.peg.172	0	0	0	0	0	0	0	0	0	0	0	0
fig|82301.12.peg.173	0.93	1	0	0	0	0	0	0	0.5	0.5	0	0
fig|82301.12.peg.174	0	0	0	0	0	0	0	0	2.5	0.5	0	0
fig|82301.12.peg.175	0	0	0	0	0	0	0	0	0	0	0	0
fig|82301.12.peg.176	0.5	0	0	1.5	0	0	0	0.5	1	0.5	0	0
fig|82301.12.peg.177	0	0.5	0.5	0	0	0	0	0	0	0	0	0
fig|82301.12.peg.178	0	0	0	0	0	0	0	0	0	0	0	0
fig|82301.12.peg.179	0	0	0	0	0	0	0	0	0	0	0	0
fig|82301.12.peg.18	0	0	0	0	0	0	0	0	0	0	0	0
fig|82301.12.peg.180	0	0	0	0	0	0	0	0	0	0	0	0
fig|82301.12.peg.181	0.5	0.5	1	0	0	0	0	0	1.5	0	0	0
fig|82301.12.peg.182	0	0	0	0	0	0	0	0	0	0	0	0
fig|82301.12.peg.183	0	0	0	0	0	0	0	0	0	0	0	0
fig|82301.12.peg.184	1	0	1	1	0	0	0	0	3	1	0	0
fig|82301.12.peg.185	0	0	0	0	0	0	0	0	0	0	0	0
fig|82301.12.peg.186	0	0	0	0	0	0	0	0	0	0.5	0	0
fig|82301.12.peg.187	0	0	0	0	0	0	0	0	0	0	0	0
fig|82301.12.peg.188	0.31	0.5	0	0	0	0	0	0	0.5	0.17	0	0
fig|82301.12.peg.189	0	0	0	0	0	0	0	0	0	0	0	0
fig|82301.12.peg.19	0	0	0	0	0	0	0	0	0	0	0	0
fig|82301.12.peg.190	0	0	0	0	0	0	0	0	0	0	0	0
fig|82301.12.peg.191	0	0	0	0	0	0	0	0	0	0	0	0
fig|82301.12.peg.192	0	0	0	0	0	0	0	0	0	0	0	0
fig|82301.12.peg.193	0	0	0	0	0	0	0	0	0	0	0	0
fig|82301.12.peg.194	0	0	0	0	0	0	0	0	0	0	0	0
fig|82301.12.peg.195	0	0.5	0.5	0	0	0	0	0.5	3.5	1	0	0
fig|82301.12.peg.196	0	0	0	0	0	0	0	0	0	0	0	0
fig|82301.12.peg.197	0.5	0	0	0	0	0	0	0	0	0	0	0
fig|82301.12.peg.198	0	0	0	0	0	0	0	0	0	0	0	0
fig|82301.12.peg.199	0	0	0	0	0	0	0	0	0	0	0	0
fig|82301.12.peg.2	0	0	0	0	0	0	0	0	0	0	0	0
fig|82301.12.peg.20	0	0	0	0	0	0	0	0	0	0	0	0
fig|82301.12.peg.200	0	0	0	0	0	0	0	0	0	0	0	0
fig|82301.12.peg.201	0	0	0	0	0	0	0	0	0	0	0	0
fig|82301.12.peg.202	0	0	0	0	0	0	0	0	0	0	0	0
fig|82301.12.peg.203	0	0	0	0	0	0	0	0	0	0.5	0	0
fig|82301.12.peg.204	0	0	0	0	0	0	0	0	0	0	0	0
fig|82301.12.peg.205	0	0	0	0	0	0	0	0	0	0	0	0
fig|82301.12.peg.206	0	0.5	0	0.5	0	0	0	0	1	1	0	0
fig|82301.12.peg.207	0	0	0	0	0	0	0	0	0	0	0	0
fig|82301.12.peg.208	0	0	0	0	0	0	0	0	0	0	0	0
fig|82301.12.peg.209	0	0	0	0	0	0	0	0	0	0	0	0
fig|82301.12.peg.21	0.5	0	0	0	0	0	0	0	0	0	0	0
fig|82301.12.peg.210	0	0	0	0	0	0	0	0	0	0	0	0
fig|82301.12.peg.211	0.5	0	0.5	0.5	0	0	0	0.5	0.5	1	0	0
fig|82301.12.peg.212	0	0	0	0	0	0	0	0	0	0	0	0
fig|82301.12.peg.213	0	0	0	0	0	0	0	0	0	0	0	0
fig|82301.12.peg.214	0	0	0	0	0	0	0	0	0	0	0	0
fig|82301.12.peg.215	0	0	0	0	0	0	0	0	0	0	0	0
fig|82301.12.peg.216	0	0	0	0	0	0	0	0	0	0	0	0
fig|82301.12.peg.217	0	0	0	0	0	0	0	0	0	0	0	0
fig|82301.12.peg.218	0	0	0	0	0	0	0	0	0	0	0	0
fig|82301.12.peg.219	0	0	0	0	0	0	0	0	0	0	0	0
fig|82301.12.peg.22	0	0	0	0	0	0	0	0	0	0	0	0
fig|82301.12.peg.220	0	0	0	0	0	0	0	0	0	0	0	0
fig|82301.12.peg.221	0	0	0	0	0	0	0	0	0	0	0	0
fig|82301.12.peg.222	0	0	0	0	0	0	0	0	1.5	1	0	0
fig|82301.12.peg.223	1	0	0.5	0	0	0	0	0	0	0.5	0	0
fig|82301.12.peg.224	0	0	0	0	0	0	0	0	0	0	0	0
fig|82301.12.peg.225	0	0.5	0	0	0	0	0	0	0	0	0	0
fig|82301.12.peg.226	1.5	2	0	0.5	0	0	0	0	1.5	3	0	0
fig|82301.12.peg.227	0.5	0.5	0	0	0	0	0	0	0.5	0	0	0
fig|82301.12.peg.228	0	0	0	0	0	0	0	0	0	0	0	0
fig|82301.12.peg.229	1.5	3.5	1	0	0	0	0	0.5	0.5	0.5	0	0
fig|82301.12.peg.23	0	0	0	0	0	0	0	0	0	0	0	0
fig|82301.12.peg.230	0	0	0	0	0	0	0	0	0	0	0	0
fig|82301.12.peg.231	0	0	0	0	0	0	0	0	0	0	0	0
fig|82301.12.peg.232	0	0	0	0	0	0	0	0	0	0	0	0
fig|82301.12.peg.233	0	0	0	0	0	0	0	0	0	0.5	0	0
fig|82301.12.peg.234	0	0	0	0	0	0	0	0	0	0	0	0
fig|82301.12.peg.235	0.09	0	0.04	0	0	0	0	0	0.06	0.08	0	0
fig|82301.12.peg.236	0	0	0	0	0	0	0	0	0	0	0	0
fig|82301.12.peg.237	0	0	0	0	0	0	0	0	0	0	0	0
fig|82301.12.peg.238	0	0	0	0	0	0	0	0	0	0	0	0
fig|82301.12.peg.239	0.44	0.1	0.28	0.07	0	0	0.36	0	1.37	0.32	0	0
fig|82301.12.peg.24	0	0	0	0	0	0	0	0	0	0	0	0
fig|82301.12.peg.240	0	0	0	0	0	0	0	0	0	0	0	0
fig|82301.12.peg.241	0	0	0	0	0	0	0	0	0	0	0	0
fig|82301.12.peg.242	0	0	0	0	0	0	0	0	0	0	0	0
fig|82301.12.peg.243	0	0	0	0	0	0	0	0	0	0	0	0
fig|82301.12.peg.244	1.65	3.36	0.47	1.68	0	0	0	0.72	0.35	0.5	0	0
fig|82301.12.peg.245	4	1.5	1	1.5	0	0	0	0	1	2	0	0
fig|82301.12.peg.246	0.5	0	0	0	0	0	0	0	0	0	0	0
fig|82301.12.peg.247	0	0	0	0	0	0	0	0	1	0.5	0	0
fig|82301.12.peg.248	0	0	0	0	0	0	0	0	0	0	0	0
fig|82301.12.peg.249	0	0	0	0	0	0	0	0	0	0	0	0
fig|82301.12.peg.25	0	1	0	0	0	0	0	0	0.5	0	0	0
fig|82301.12.peg.250	0.5	0	0.38	0.28	0	0	0	0	1.5	0.5	0	0
fig|82301.12.peg.251	0	0.45	0.03	0.63	0	0	0	0	1	0.5	0	0
fig|82301.12.peg.252	0	0	0	0	0	0	0	0	0	0	0	0
fig|82301.12.peg.253	0	0	0	0	0	0	0	0	0	0	0	0
fig|82301.12.peg.254	0	0	0	0	0	0	0	0	0	0	0	0
fig|82301.12.peg.255	0	0	0	0.44	0	0	0	0	0	0.39	0	0
fig|82301.12.peg.256	0	0	0	0	0	0	0	0	0	0	0	0
fig|82301.12.peg.257	0	0	0	0	0	0	0	0	0	0	0	0
fig|82301.12.peg.258	0	0	0	0	0	0	0	0	0	0	0	0
fig|82301.12.peg.259	0.41	0	0	0	0	0	0	0	0.06	0.18	0	0
fig|82301.12.peg.26	0	0	0	0	0	0	0	0	0	0	0	0
fig|82301.12.peg.260	0.44	0	0	0	0	0	0	0	0.82	0.21	0	0
fig|82301.12.peg.261	0	0	0	0	0	0	0	0	0	0	0	0
fig|82301.12.peg.262	0	0	0	0	0	0	0	0	1	0	0	0
fig|82301.12.peg.263	0.38	0.06	0	0	0	0	0	0	1.15	0.82	0	0
fig|82301.12.peg.264	5.52	0.92	2	0	0	0	0	1	0.82	2.65	0	0
fig|82301.12.peg.265	0	0	0	0	0	0	0	0	0	0	0	0
fig|82301.12.peg.266	0	0	0	0	0	0	0	0	0	0	0	0
fig|82301.12.peg.267	0	0	0	0	0	0	0	0	1	1.5	0	0
fig|82301.12.peg.268	2.46	0.48	1	0	0	0	0	0.98	0	0	0	0
fig|82301.12.peg.269	0	0.5	1	0	0	0	0	0.5	3	1.5	0	0
fig|82301.12.peg.27	0	0	0	0	0	0	0	0	0	0	0	0
fig|82301.12.peg.270	0	0	0	0	0	0	0	0	0.5	0	0	0
fig|82301.12.peg.271	0	0	0	0	0	0	0	0	1	0	0	0
fig|82301.12.peg.272	0	0	0	0	0	0	0	0	0	0	0	0
fig|82301.12.peg.273	0	0	0	0	0	0	0	0	0	0	0	0
fig|82301.12.peg.274	0	0	0	0	0	0	0	0	0	0	0	0
fig|82301.12.peg.275	0	0	0	0	0	0	0	0	0	0	0	0
fig|82301.12.peg.276	0	0	0	0	0	0	0	0	0	0	0	0
fig|82301.12.peg.277	0	0	0	0	0	0	0	0	0	0	0	0
fig|82301.12.peg.278	0	0	0	0	0	0	0	0	0	0	0	0
fig|82301.12.peg.279	0	0	0	0	0	0	0	0	0	0	0	0
fig|82301.12.peg.28	0	0	0	0	0	0	0	0	0	0	0	0
fig|82301.12.peg.280	0	0	0	0	0	0	0	0	0	0	0	0
fig|82301.12.peg.281	0	0	0	0	0	0	0	0	0	0	0	0
fig|82301.12.peg.282	0	0	0	0	0	0	0	0	0	0	0	0
fig|82301.12.peg.283	0	0	0	0	0	0	0	0	0.5	0	0	0
fig|82301.12.peg.284	0	0	0	0	0	0	0	0	0	0	0	0
fig|82301.12.peg.285	0	0	0	0	0	0	0	0	0	0	0	0
fig|82301.12.peg.286	0.5	0	0.5	0	0	0	0.5	0	0.5	0	0	0
fig|82301.12.peg.287	0	0.5	0	0	0	0	0	0	0	0	0	0
fig|82301.12.peg.288	0	0	0	0	0	0	0	0	0	0	0	0
fig|82301.12.peg.289	0	0	0	0	0	0	0	0	0	0	0	0
fig|82301.12.peg.29	0	0	0	0	0	0	0	0	0	0	0	0
fig|82301.12.peg.290	0	0	0	0	0	0	0	0	0	0	0	0
fig|82301.12.peg.291	0	0	0	0	0	0	0	0	0	0	0	0
fig|82301.12.peg.292	0	0	0	0	0	0	0	0	0	0	0	0
fig|82301.12.peg.293	0	0	0	0	0	0	0	0	0	0	0	0
fig|82301.12.peg.294	0	0	0	0	0	0	0	0	0	0	0	0
fig|82301.12.peg.295	0	0	0	0	0	0	0	0	0	0	0	0
fig|82301.12.peg.296	0	0	0	0	0	0	0	0	0	0	0	0
fig|82301.12.peg.297	0	0	0	0	0	0	0	0	0	0	0	0
fig|82301.12.peg.298	1	0.5	1	2	0	0	0	0	1	0	0	0
fig|82301.12.peg.299	0	0	0	0	0	0	0	0	0	0.5	0	0
fig|82301.12.peg.3	0	0	0	0	0	0	0	0	0	0	0	0
fig|82301.12.peg.30	0	0	0	0	0	0	0	0	0	0	0	0
fig|82301.12.peg.300	1	0.59	0.5	1	0	0	0	0	0.5	0.6	0	0
fig|82301.12.peg.301	0	0	0	0	0	0	0	0	0	0	0	0
fig|82301.12.peg.302	0	0	0	0	0	0	0	0	0	0	0	0
fig|82301.12.peg.303	0	0	0	0	0	0	0	0	0	0	0	0
fig|82301.12.peg.304	0	0.5	0	0	0	0	0	0	0	0.5	0	0
fig|82301.12.peg.305	0	0	0	0	0	0	0	0	0	0	0	0
fig|82301.12.peg.306	6.42	8.5	4.5	4.5	0	0	0	1	22.5	18.5	0	0
fig|82301.12.peg.307	0	0	0	0	0	0	0	0	0	0	0	0
fig|82301.12.peg.308	0	0	0	0	0	0	0	0	0.5	0	0	0
fig|82301.12.peg.309	0	0	0	0	0	0	0	0	0	0	0	0
fig|82301.12.peg.31	0	0	0	0	0	0	0	0	0	0	0	0
fig|82301.12.peg.310	0	0	0	0	0	0	0	0	0.5	1	0	0
fig|82301.12.peg.311	0	0	0	0	0	0	0	0	1	0	0	0
fig|82301.12.peg.312	0	0	0	0	0	0	0	0	0	0	0	0
fig|82301.12.peg.313	0	0	0	0	0	0	0	0	0	0	0	0
fig|82301.12.peg.314	0	0	0	0	0	0	0	0	0	0	0	0
fig|82301.12.peg.315	0	0	0	0.1	0	0	0	0	0	0.08	0	0
fig|82301.12.peg.316	1	0.5	0	0.78	0	0	0	0.5	1	1.25	0	0
fig|82301.12.peg.317	0	0	0	0	0	0	0	0	0	0	0	0
fig|82301.12.peg.318	2.81	0.5	0	0	0	0	0	0.5	1	2	0	0
fig|82301.12.peg.319	0	0	0	0	0	0	0	0	0	0	0	0
fig|82301.12.peg.32	0	0	0	0	0	0	0	0	0.5	0	0	0
fig|82301.12.peg.320	0	0	0	0	0	0	0	0	0	0	0	0
fig|82301.12.peg.321	0	0	0	0.5	0	0	0	0	0	0	0	0
fig|82301.12.peg.322	0	0	0	0.5	0	0	0	0.5	0.5	0.5	0	0
fig|82301.12.peg.323	1.5	0	1	0	0	0	0	0	1	0.5	0	0
fig|82301.12.peg.324	0	0	0	0	0	0	0	0	0	0	0	0
fig|82301.12.peg.325	0	0	0	0	0	0	0	0	0	0.5	0	0
fig|82301.12.peg.326	0	0.5	0	0	0	0	0	0	0	1	0	0
fig|82301.12.peg.327	0	0	0	0	0	0	0	0	0	0	0	0
fig|82301.12.peg.328	0	0	0	0	0	0	0	0	0	0	0	0
fig|82301.12.peg.329	0	0	0	0	0	0	0	0	0	0	0	0
fig|82301.12.peg.33	0	0	0.5	0	0	0	0	0	2	0.5	0	0
fig|82301.12.peg.330	0.49	0	0	0	0	0	0	0	2.5	1	0	0
fig|82301.12.peg.331	0	0	0	0	0	0	0	0	0	0	0	0
fig|82301.12.peg.332	0	0	0	0	0	0	0	0	0	0	0	0
fig|82301.12.peg.333	0	0	0	0	0	0	0	0	0	0	0	0
fig|82301.12.peg.334	0	0	0	0	0	0	0	0	0	0	0	0
fig|82301.12.peg.335	0	0	0.5	0.51	0	0	0	0	1	0	0	0
fig|82301.12.peg.336	1	0.5	1	0	0	0	0	0	4	2	0	0
fig|82301.12.peg.337	0	0	0	0	0	0	0	0	0	0	0	0
fig|82301.12.peg.338	0	0	0	0	0	0	0	0	0.5	0.5	0	0
fig|82301.12.peg.339	0	0	0	0	0	0	0	0	0	0	0	0
fig|82301.12.peg.34	0	0	0	0	0	0	0	0	0	0	0	0
fig|82301.12.peg.340	0	0	0	0	0	0	0	0	0	0	0	0
fig|82301.12.peg.341	0	0	0	0	0	0	0	0	0	0	0	0
fig|82301.12.peg.342	0	0	0	0	0	0	0	0	0	0	0	0
fig|82301.12.peg.343	0	0	0	0	0	0	0	0	0	0	0	0
fig|82301.12.peg.344	0	0	0	0	0	0	0	0	0	0	0	0
fig|82301.12.peg.345	0	0	0	0	0	0	0	0	0	0	0	0
fig|82301.12.peg.346	0	0	0	0	0	0	0	0	0	0	0	0
fig|82301.12.peg.347	0	0	0	0	0	0	0	0	0	0	0	0
fig|82301.12.peg.348	0	0	0	0	0	0	0	0	0	0	0	0
fig|82301.12.peg.349	0	0	0	0	0	0	0	0	0	0	0	0
fig|82301.12.peg.35	0	0	0.45	0	0	0	0	0	0.55	0.5	0	0
fig|82301.12.peg.350	0	0	0	0	0	0	0	0	0	0	0	0
fig|82301.12.peg.351	0	0	0	0	0	0	0	0	0	0	0	0
fig|82301.12.peg.352	0	0	0	0	0	0	0	0	0	0	0	0
fig|82301.12.peg.353	0	0	1	0	0	0	0.5	0	0	0.5	0	0
fig|82301.12.peg.354	0	0	0	0	0	0	0	0	0	0	0	0
fig|82301.12.peg.355	0	0	0	0	0	0	0	0	0	0	0	0
fig|82301.12.peg.356	0	0	0	0	0	0	0	0	0	0	0	0
fig|82301.12.peg.357	0	0	0	0	0	0	0	0	0	0	0	0
fig|82301.12.peg.358	0	0	0	0	0	0	0	0	0	1	0	0
fig|82301.12.peg.359	1.5	0.5	0	0.5	0	0	0	0.5	2	0.5	0	0
fig|82301.12.peg.36	0	0	0	0	0	0	0	0	0	0	0	0
fig|82301.12.peg.360	0	0	0	0	0	0	0	0	0	0	0	0
fig|82301.12.peg.361	0	0	0	0	0	0	0	0	0.25	0	0	0
fig|82301.12.peg.362	0	0	0	0	0	0	0	0	0.08	0	0	0
fig|82301.12.peg.363	0	0	0	0	0	0	0	0	0.08	0	0	0
fig|82301.12.peg.364	0	0	0	0	0	0	0	0	0	0	0	0
fig|82301.12.peg.365	0	0	0	0	0	0	0	0	0	0	0	0
fig|82301.12.peg.366	1	0.5	1.5	0	0	0	0	0	0.5	2.5	0	0
fig|82301.12.peg.367	0	0	0	0	0	0	0	0	0	0	0	0
fig|82301.12.peg.368	1.5	0	0	0.5	0	0	0	0	1	1	0	0
fig|82301.12.peg.369	0	0.5	0.5	0	0	0	0	0	0.5	0.01	0	0
fig|82301.12.peg.37	0	0	0	0	0	0	0	0	0	0	0	0
fig|82301.12.peg.370	0	0	0	0	0	0	0	0	0	0.46	0	0
fig|82301.12.peg.371	0	0	0	0	0	0	0	0	0	0	0	0
fig|82301.12.peg.372	0.5	0	0	0	0	0	0	0	0	0	0	0
fig|82301.12.peg.373	0	0	0	0	0	0	0	0	0	0	0	0
fig|82301.12.peg.374	0	0	0	0	0	0	0	0	0	0	0	0
fig|82301.12.peg.375	0	0	0	0	0	0	0	0	0	0	0	0
fig|82301.12.peg.376	0	0	0	0	0	0	0	0	0	0	0	0
fig|82301.12.peg.377	0	0	0	0	0	0	0	0	0	0	0	0
fig|82301.12.peg.378	0	0	0	0	0	0	0	0	0	0	0	0
fig|82301.12.peg.379	0	0	0	0	0	0	0	0	0	0	0	0
fig|82301.12.peg.38	0	0	0	0.5	0	0	0	0	2	2	0	0
fig|82301.12.peg.380	0	0	0	0	0	0	0	0	0.47	0	0	0
fig|82301.12.peg.381	0	0.28	0	0	0	0	0	0	0	0	0	0
fig|82301.12.peg.382	0	0.2	0	0.5	0	0	0	0	0.5	0	0	0
fig|82301.12.peg.383	0	0	0.5	0	0	0	0	0	1	0	0	0
fig|82301.12.peg.384	0	0	0	0	0	0	0	0	0	0	0	0
fig|82301.12.peg.385	0	0	0	0	0	0	0	0	0	0	0	0
fig|82301.12.peg.386	0	0	0	0	0	0	0	0	0	0	0	0
fig|82301.12.peg.387	0	0	0	0	0	0	0	0	0	0	0	0
fig|82301.12.peg.388	0	0	0	0	0	0	0	0	0	0	0	0
fig|82301.12.peg.389	0.5	0.5	2	0	0	0	0	0	1.5	0.5	0	0
fig|82301.12.peg.39	0	0	0	0	0	0	0	0	0	0	0	0
fig|82301.12.peg.390	0.4	0	0.4	0	0	0	0	0	0.26	0	0	0
fig|82301.12.peg.391	0	1	0	0	0	0	0	0	0.5	0.5	0	0
fig|82301.12.peg.392	0	0	0	0.07	0	0	0	0	0.5	1	0	0
fig|82301.12.peg.393	0.5	0	0	0.15	0	0	0	0	0	0.51	0	0
fig|82301.12.peg.394	0	0	0	0	0	0	0	0	0	0	0	0
fig|82301.12.peg.395	0	0	0	0.5	0	0	0	0	0.5	1.5	0	0
fig|82301.12.peg.396	0	0	0	0	0	0	0	0	0	0	0	0
fig|82301.12.peg.397	0	0	0	0	0	0	0	0	0	0	0	0
fig|82301.12.peg.398	0	0	0	0	0	0	0	0	0	0	0	0
fig|82301.12.peg.399	0	0	0	0	0	0	0	0	0	0	0	0
fig|82301.12.peg.4	0	0	0	0	0	0	0	0	0	1	0	0
fig|82301.12.peg.40	0	0	0	0	0	0	0	0	0	0	0	0
fig|82301.12.peg.400	0	0	0	0	0	0	0	0	0	0	0	0
fig|82301.12.peg.401	0	0	0	0	0	0	0	0	0	0	0	0
fig|82301.12.peg.402	0	0	0	0	0	0	0	0	0	0	0	0
fig|82301.12.peg.403	0.5	0	0	0	0	0	0	0	0	0	0	0
fig|82301.12.peg.404	0	0	0	0	0	0	0	0	0	0	0	0
fig|82301.12.peg.405	2	2	0.5	0	0	0	0.5	0	5.5	1.5	0	0
fig|82301.12.peg.406	0	0	0	0	0	0	0	0	0	0	0	0
fig|82301.12.peg.407	0	0	0	0	0	0	0	0	0	0	0	0
fig|82301.12.peg.408	0	0	0	0	0	0	0	0	0	0	0	0
fig|82301.12.peg.409	0	0	0	0	0	0	0	0	0	0	0	0
fig|82301.12.peg.41	0	1	0.5	0	0	0	0	0.5	1.5	3	0	0
fig|82301.12.peg.410	0	1	0	0	0	0	0	0.5	0.5	1	0	0
fig|82301.12.peg.411	0.5	1	0	0	0	0	0	0	0	0	0	0
fig|82301.12.peg.412	0	0	0	0	0	0	0	0	0	0	0	0
fig|82301.12.peg.413	0.5	0	0.5	0	0	0	0	0	0	0	0	0
fig|82301.12.peg.414	0	0	0	0	0	0	0	0	0	0	0	0
fig|82301.12.peg.415	0	0	0	0	0	0	0	0	0	0	0	0
fig|82301.12.peg.416	0	0	0	0	0	0	0	0	0	0	0	0
fig|82301.12.peg.417	0	0	0	0	0	0	0	0	0.5	0	0	0
fig|82301.12.peg.418	0	0	0	0	0	0	0	0	0	0	0	0
fig|82301.12.peg.419	1.5	0	0.5	1	0	0	0	0	2.5	1.5	0	0
fig|82301.12.peg.42	0	0	0	0	0	0	0	0	1	0	0	0
fig|82301.12.peg.420	0	0	0	0	0	0	0	0	0	0	0	0
fig|82301.12.peg.421	0	0	0	0	0	0	0	0	1.5	0	0	0
fig|82301.12.peg.422	0	0	0	0	0	0	0	0	0	0	0	0
fig|82301.12.peg.423	0	0	0	0	0	0	0	0	0	0	0	0
fig|82301.12.peg.424	0	0	0	0	0	0	0	0	0	0	0	0
fig|82301.12.peg.425	0	0	0	0	0	0	0	0	0	0	0	0
fig|82301.12.peg.426	0	0	0	0	0	0	0	0	0	0	0	0
fig|82301.12.peg.427	0	0	0	0	0	0	0	0	0.5	0	0	0
fig|82301.12.peg.428	0	0	0	0	0	0	0	0	0	0	0	0
fig|82301.12.peg.429	0	0	0	0	0	0	0	0	0	0	0	0
fig|82301.12.peg.43	0	0	0	0	0	0	0	0	0	0	0	0
fig|82301.12.peg.430	0	0	0	0	0	0	0	0	0	0	0	0
fig|82301.12.peg.431	0	0	0	0	0	0	0	0	0	0	0	0
fig|82301.12.peg.432	0	0	0	0	0	0	0	0	0.5	0	0	0
fig|82301.12.peg.433	0	0.5	0	0.5	0	0	0	0	2	0	0	0
fig|82301.12.peg.434	0	0	0	0	0	0	0	0	0	0	0	0
fig|82301.12.peg.435	0	0	0	0	0	0	0	0	0	0	0	0
fig|82301.12.peg.436	0	0	0	0	0	0	0	0	0	0	0	0
fig|82301.12.peg.437	0	0	0	0	0	0	0	0	0	0	0	0
fig|82301.12.peg.438	0	0	0	0	0	0	0	0	0	0	0	0
fig|82301.12.peg.439	0	0	0	0	0	0	0	0	0	0	0	0
fig|82301.12.peg.44	0	0	0	0	0	0	0	0	0	0	0	0
fig|82301.12.peg.440	0	0	0	0	0	0	0	0	0	0	0	0
fig|82301.12.peg.441	0	0	0	0	0	0	0	0	0.5	0	0	0
fig|82301.12.peg.442	0	0.5	0.5	0	0	0	0	0	0.5	0	0	0
fig|82301.12.peg.443	0	0	0	0	0	0	0	0	0	0	0	0
fig|82301.12.peg.444	0	0	0	0	0	0	0	0	0	0	0	0
fig|82301.12.peg.445	0	0	0	0	0	0	0	0	0	0	0	0
fig|82301.12.peg.446	0	0	0	0	0	0	0	0	0	0	0	0
fig|82301.12.peg.447	0	0	0	0	0	0	0	0	0	0	0	0
fig|82301.12.peg.448	0	0	0	0	0	0	0	0	0	0	0	0
fig|82301.12.peg.449	1	0	0	0	0	0	0	0.5	0.5	2	0	0
fig|82301.12.peg.45	0	0	0	0	0	0	0	0	0	0	0	0
fig|82301.12.peg.450	0.5	0.5	0	0	0	0	0	0	0.5	1.5	0	0
fig|82301.12.peg.451	0	0	0	0	0	0	0	0	0	0	0	0
fig|82301.12.peg.452	0	0	0	0	0	0	0	0	0	0	0	0
fig|82301.12.peg.453	0	0	0	0	0	0	0	0	0	0	0	0
fig|82301.12.peg.454	0	0	0	0	0	0	0	0	0	0	0	0
fig|82301.12.peg.455	0	0	0	0	0	0	0	0	0	0	0	0
fig|82301.12.peg.456	0	0	0	0	0	0	0	0	0.38	0	0	0
fig|82301.12.peg.457	2.5	0.5	1	1	0	0	0	0.5	4	4.5	0	0
fig|82301.12.peg.458	0	0	0	0	0	0	0	0	0	0	0	0
fig|82301.12.peg.459	0	0	0	0	0	0	0	0	0	0	0	0
fig|82301.12.peg.46	0	0	0	0	0	0	0	0	2	2	0	0
fig|82301.12.peg.460	0	0	0	0	0	0	0	0	0	0	0	0
fig|82301.12.peg.461	0	0	0	0	0	0	0	0	0	0	0	0
fig|82301.12.peg.462	0	0	0	0	0	0	0	0	0	0	0	0
fig|82301.12.peg.463	0	0	0	0	0	0	0	0	0	0	0	0
fig|82301.12.peg.464	0	0	0	0	0	0	0	0	0	0.5	0	0
fig|82301.12.peg.465	0	0	0	0	0	0	0	0	0	0	0	0
fig|82301.12.peg.466	0	0	0	0	0	0	0	0	0	0	0	0
fig|82301.12.peg.467	0	0	0	0	0	0	0	0	0	0	0	0
fig|82301.12.peg.468	0	0	0	0	0	0	0	0	0	0	0	0
fig|82301.12.peg.469	0	0	0	0	0	0	0	0	0	0	0	0
fig|82301.12.peg.47	0	0	0	0	0	0	0	0	0	0	0	0
fig|82301.12.peg.470	0	0	0	0	0	0	0	0	0	0	0	0
fig|82301.12.peg.471	0	0	0	0	0	0	0	0	0	0	0	0
fig|82301.12.peg.472	0	0	0	0	0	0	0	0	1	0	0	0
fig|82301.12.peg.473	0	0	0	0	0	0	0	0	0	0	0	0
fig|82301.12.peg.474	0	0	0	0	0	0	0	0	0	0	0	0
fig|82301.12.peg.475	0	0	0	0	0	0	0	0	0	0	0	0
fig|82301.12.peg.476	0	0	0	0	0	0	0	0	0	0	0	0
fig|82301.12.peg.477	0	0	0	0	0	0	0	0	0	0	0	0
fig|82301.12.peg.478	0.5	0	0	0	0	0	0	0	1	1	0	0
fig|82301.12.peg.479	0	0	0	0	0	0	0	0	0	0	0	0
fig|82301.12.peg.48	0	0	0	0	0	0	0	0	0	0	0	0
fig|82301.12.peg.480	0	0	0	0	0	0	0	0	0	0	0	0
fig|82301.12.peg.481	0.5	0	0	0	0	0	0	0	0	0	0	0
fig|82301.12.peg.482	0	0	0	0	0	0	0	0	0	0	0	0
fig|82301.12.peg.483	1	0	0	0	0	0	0	0	1.5	0	0	0
fig|82301.12.peg.484	0	0	0	0	0	0	0	0	0	0	0	0
fig|82301.12.peg.485	0	0	0	0	0	0	0	0	0	0	0	0
fig|82301.12.peg.486	0	0	0	0	0	0	0	0	0	0	0	0
fig|82301.12.peg.487	0	0	0	0	0	0	0	0	0	0	0	0
fig|82301.12.peg.488	0	0	0	0	0	0	0	0	0	0	0	0
fig|82301.12.peg.489	0	0	0	0	0	0	0	0	0	0	0	0
fig|82301.12.peg.49	0	0	0	0	0	0	0	0	0	0	0	0
fig|82301.12.peg.490	0	0	0	0	0	0	0	0	0	0	0	0
fig|82301.12.peg.491	0	0	0	0	0	0	0	0	0	0	0	0
fig|82301.12.peg.492	0	0	0	0	0	0	0	0	0	0	0	0
fig|82301.12.peg.493	0	0	0	0	0	0	0	0	0	0	0	0
fig|82301.12.peg.494	0.5	0	0	0	0	0	0	0	0.5	0	0	0
fig|82301.12.peg.495	0	0	0	0	0	0	0	0	0.36	0.5	0	0
fig|82301.12.peg.496	0	0	0	0	0	0	0	0	0	0	0	0
fig|82301.12.peg.497	0	0	0	0	0	0	0	0	0	0	0	0
fig|82301.12.peg.498	0	0	0	0	0	0	0	0	3	0	0	0
fig|82301.12.peg.499	0	0	0	0	0	0	0	0	0	0	0	0
fig|82301.12.peg.5	3.24	7.01	3.15	1.9	0	0	0	0.48	12.79	10.86	0	0
fig|82301.12.peg.50	0	0	0	0	0	0	0	0	0	0	0	0
fig|82301.12.peg.500	0	0	0	0	0	0	0	0	0	0	0	0
fig|82301.12.peg.501	0	0	0	0	0	0	0	0	1	1.5	0	0
fig|82301.12.peg.502	0	0.5	0	0	0	0	0	0	0	0	0	0
fig|82301.12.peg.503	0	0	0	0	0	0	0	0	0	0	0	0
fig|82301.12.peg.504	0	0	0.5	0	0	0	0	0	0.5	0.5	0	0
fig|82301.12.peg.505	0.5	0	0	0.5	0	0	0	0.5	2	1	0	0
fig|82301.12.peg.506	0	0.5	0.5	0	0	0	0	0	2.91	1	0	0
fig|82301.12.peg.507	0	0	0	0	0	0	0	0	0.5	0	0	0
fig|82301.12.peg.508	0	0	0	0	0	0	0	0	0	0	0	0
fig|82301.12.peg.509	0	0	0	0	0	0	0	0	0	0	0	0
fig|82301.12.peg.51	0	0	0	0	0	0	0	0	0	0	0	0
fig|82301.12.peg.510	0	0	0	0	0	0	0	0	0	0	0	0
fig|82301.12.peg.511	0	0	0	0	0	0	0	0	0	0	0	0
fig|82301.12.peg.512	0.5	0	1	0.5	0	0	0	0	3	1	0	0
fig|82301.12.peg.513	0	0	0	0	0	0	0	0	0	0	0	0
fig|82301.12.peg.514	0	0	0	0	0	0	0	0	0	0	0	0
fig|82301.12.peg.515	0	0	0	0	0	0	0	0	0	0	0	0
fig|82301.12.peg.516	0	0	0	0	0	0	0	0	0	0	0	0
fig|82301.12.peg.517	0	0	1	0	0	0	0	0	0	0.5	0	0
fig|82301.12.peg.518	0	0.5	1	0.5	0	0	0	0	1	0	0	0
fig|82301.12.peg.519	0	0	0.5	0	0	0	0	0	0	0	0	0
fig|82301.12.peg.52	0	0	0	0	0	0	0	0	0	0	0	0
fig|82301.12.peg.520	0	0	0	0	0	0	0	0	0	0	0	0
fig|82301.12.peg.521	0	0	0	0	0	0	0	0	0	0	0	0
fig|82301.12.peg.522	0	0	0	0	0	0	0	0	1	1	0	0
fig|82301.12.peg.523	0	0	0	0	0	0	0	0	0	0.5	0	0
fig|82301.12.peg.524	0.5	0	0.5	0	0	0	0	0	1	1	0	0
fig|82301.12.peg.525	0	0	0	0	0	0	0	0	0	0	0	0
fig|82301.12.peg.526	0.49	0.49	0	0	0	0	0	0	1	1	0	0
fig|82301.12.peg.527	0	0	0	0	0	0	0	0	0	0	0	0
fig|82301.12.peg.528	0	0	0	0	0	0	0	0	0	0	0	0
fig|82301.12.peg.529	0	0	0.5	0.5	0	0	0	0	0.5	0	0	0
fig|82301.12.peg.53	0	0	0	0	0	0	0	0	0	0	0	0
fig|82301.12.peg.530	0	0	0	0	0	0	0	0	0	0	0	0
fig|82301.12.peg.531	0	0	0	0	0	0	0	0	0	0	0	0
fig|82301.12.peg.532	0	0	0	0	0	0	0	0	0	0	0	0
fig|82301.12.peg.533	0	0	0	0	0	0	0	0	0	0	0	0
fig|82301.12.peg.534	0	0	0	0	0	0	0	0	0	0	0	0
fig|82301.12.peg.535	0	0	0	0	0	0	0	0	0	0	0	0
fig|82301.12.peg.536	0	0	0	0	0	0	0	0	0	0	0	0
fig|82301.12.peg.537	0	0	0	0	0	0	0	0	0.43	0	0	0
fig|82301.12.peg.538	0	0	0	0	0	0	0	0	0	0	0	0
fig|82301.12.peg.539	0	0	0	0	0	0	0	0	0	0	0	0
fig|82301.12.peg.54	0	1	0	0	0	0	0	0	0.5	0.5	0	0
fig|82301.12.peg.540	0	0	0	0	0	0	0	0	0	0	0	0
fig|82301.12.peg.541	0	0	0	0	0	0	0	0	0	0	0	0
fig|82301.12.peg.542	0	0.48	0	0.5	0	0	0	0	0	0.5	0	0
fig|82301.12.peg.543	0	0	0	0	0	0	0	0	0	0	0	0
fig|82301.12.peg.544	0	0	0	0	0	0	0	0	0	0	0	0
fig|82301.12.peg.545	0	0	0	0	0	0	0	0	0	0	0	0
fig|82301.12.peg.546	0	0	0	0	0	0	0	0	0	0	0	0
fig|82301.12.peg.547	0	0	0	0	0	0	0	0	1	0.5	0	0
fig|82301.12.peg.548	0	0	0	0	0	0	0	0	0	0	0	0
fig|82301.12.peg.549	0	0	0	0	0	0	0	0	0.5	1	0	0
fig|82301.12.peg.55	0	0	0	0.5	0	0	0	0	0	0	0	0
fig|82301.12.peg.550	0	0	0	0	0	0	0	0	0	0	0	0
fig|82301.12.peg.551	0	0	0	0	0	0	0	0	0	0	0	0
fig|82301.12.peg.552	0	0	0.94	0	0	0	0	0	1	1	0	0
fig|82301.12.peg.553	0	0	0	0	0	0	0	0	0	0	0	0
fig|82301.12.peg.554	0	0	0	0	0	0	0	0	0	0	0	0
fig|82301.12.peg.555	0	0	0	0	0	0	0	0	0	0	0	0
fig|82301.12.peg.556	0	0	0	0	0	0	0	0	0	0	0	0
fig|82301.12.peg.557	0	0	0	0	0	0	0	0	0	0	0	0
fig|82301.12.peg.558	0	0	0	0	0	0	0	0	0.5	0	0	0
fig|82301.12.peg.559	0	0	0	0	0	0	0	0	0	0	0	0
fig|82301.12.peg.56	0.5	0	0	0	0	0	0	0	0	0	0	0
fig|82301.12.peg.560	0.5	0.5	1	0	0	0	0	0	0	0	0	0
fig|82301.12.peg.561	0	0	0	0	0	0	0	0	1	0	0	0
fig|82301.12.peg.562	0	0	0	0	0	0	0	0	0	0	0	0
fig|82301.12.peg.563	0	0	0	0	0	0	0	0	0	0	0	0
fig|82301.12.peg.564	0	0	0	0	0	0	0	0	0	0	0	0
fig|82301.12.peg.565	1	3	2	1	0	0	0	0	18	6	0	0
fig|82301.12.peg.566	0	0	0	0	0	0	0	0	0	0	0	0
fig|82301.12.peg.567	0	0	0	0	0	0	0	0	0	0	0	0
fig|82301.12.peg.568	0	0	0	0	0	0	0	0	0	0	0	0
fig|82301.12.peg.569	0.5	0.5	0	0	0	0	0	0	1	0.5	0	0
fig|82301.12.peg.57	0	0	0	0	0	0	0	0	0	0	0	0
fig|82301.12.peg.570	0	0	0	0	0	0	0	0	0	0	0	0
fig|82301.12.peg.571	0	0	0	0	0	0	0	0	0	0	0	0
fig|82301.12.peg.572	0.5	0.5	0.5	0	0	0	0.5	0	0.5	0	0	0
fig|82301.12.peg.573	0	1	0	0	0	0	0	0	0	0	0	0
fig|82301.12.peg.574	0	0	0	0	0	0	0	0	0	0	0	0
fig|82301.12.peg.575	0	0	0	0	0	0	0	0	0	0	0	0
fig|82301.12.peg.576	0	0	0	0	0	0	0	0	0	0	0	0
fig|82301.12.peg.577	0	0	0	0	0	0	0	0	0	0	0	0
fig|82301.12.peg.578	1	1	0.5	0	0	0	0	0.5	0.5	1	0	0
fig|82301.12.peg.579	0	0	0	0	0	0	0	0	0.5	1	0	0
fig|82301.12.peg.58	0	0	0	0	0	0	0	0	0	0	0	0
fig|82301.12.peg.580	0	0	0	0	0	0	0	0	0	0	0	0
fig|82301.12.peg.581	0	0	0	0	0	0	0	0	0	0	0	0
fig|82301.12.peg.582	0	0	0	0	0	0	0	0	0.16	0	0.17	0
fig|82301.12.peg.583	0	0	0	0	0	0	0	0	0.33	0	0.32	0
fig|82301.12.peg.584	0	0	0	0	0	0	0	0	0	0	0	0
fig|82301.12.peg.585	0.5	0	0	0	0	0	0	0.5	0	0.5	0	0
fig|82301.12.peg.586	0	0	0	0	0	0	0	0	1	0	0	0
fig|82301.12.peg.587	0	0	0	0	0	0	0	0	0	0	0	0
fig|82301.12.peg.588	0	0	0	0	0	0	0	0	0	0	0	0
fig|82301.12.peg.589	0	0	0	0	0	0	0	0.5	0.5	0	0	0
fig|82301.12.peg.59	0	0	0.5	0	0	0	0	0	1.5	1.5	0	0
fig|82301.12.peg.590	0	0	0	0	0	0	0	0	0	0	0	0
fig|82301.12.peg.591	0	0	0	0	0	0	0	0	0	0	0	0
fig|82301.12.peg.592	0	0	0	0	0	0	0	0	0	0	0	0
fig|82301.12.peg.593	0	0	0	0	0	0	0	0	0	0	0	0
fig|82301.12.peg.594	0	0	0	0	0	0	0	0	0	0	0	0
fig|82301.12.peg.595	0	0	0	0	0	0	0	0	0	0	0	0
fig|82301.12.peg.596	0	0	0	0	0	0	0	0	0	0	0	0
fig|82301.12.peg.597	0	0	0	0	0	0	0	0	0.5	1	0	0
fig|82301.12.peg.598	0	0	0	0.5	0	0	0	0	0	0	0	0
fig|82301.12.peg.599	0	0	0	0	0	0	0	0	0	0	0	0
fig|82301.12.peg.6	0	0	0	0	0	0	0	0	0	0	0	0
fig|82301.12.peg.60	0	0	0	0	0	0	0	0	0	0	0	0
fig|82301.12.peg.600	1.81	1.64	0.81	0	0	0	0	1	1.72	1.61	0	0
fig|82301.12.peg.601	0	0	0	0	0	0	0	0	0	0	0	0
fig|82301.12.peg.602	4.5	7.5	5	3	0	0	0	1	8	8.5	0	0
fig|82301.12.peg.603	0	0	0	0	0	0	0	0	0	0	0	0
fig|82301.12.peg.604	0	0	0.31	0	0	0	0	0	0.38	0	0	0
fig|82301.12.peg.605	2	2.5	3.17	0	0	0	0	0.5	5.08	3.5	0	0
fig|82301.12.peg.606	0	0	0	0	0	0	0	0	0	0	0	0
fig|82301.12.peg.607	0	0	0	0	0	0	0	0	0.5	0	0	0
fig|82301.12.peg.608	0	0	0	0	0	0	0	0	0	0	0	0
fig|82301.12.peg.609	0	0	0.5	0.5	0	0	0	0.5	0	0	0	0
fig|82301.12.peg.61	0	0	0	0.5	0	0	0	0	0.5	1	0	0
fig|82301.12.peg.610	0	0	0	0	0	0	0	0	0	0	0	0
fig|82301.12.peg.611	0.5	2	0.5	0	0	0	0	0.5	0.5	0.5	0	0
fig|82301.12.peg.612	0	0	0	0	0	0	0	0	0	0	0	0
fig|82301.12.peg.613	0	0	0	0	0	0	0	0	0.02	0	0	0
fig|82301.12.peg.614	0	0	0	0	0	0	0	0	0	0	0	0
fig|82301.12.peg.615	0.5	0	0.5	0	0	0	0	0	1	0	0	0
fig|82301.12.peg.616	0	0	0	0	0	0	0	0	0	0	0	0
fig|82301.12.peg.617	0	0	0	0	0	0	0	0	0	0	0	0
fig|82301.12.peg.618	0	0	0	0	0	0	0	0	0	0	0	0
fig|82301.12.peg.619	0	0	0	0	0	0	0	0	0	0	0	0
fig|82301.12.peg.62	0	0	0	0	0	0	0	0	0	0	0	0
fig|82301.12.peg.620	0	0	0	0.5	0	0	0	0	1	0	0	0
fig|82301.12.peg.621	0	0	0	0	0	0	0	0	1.22	0	0	0
fig|82301.12.peg.622	0	0	0	0	0	0	0	0	0	0	0	0
fig|82301.12.peg.623	0	0	0	0.5	0	0	0	0	2	0.5	0	0
fig|82301.12.peg.624	0	0	0	0	0	0	0	0	0	0	0	0
fig|82301.12.peg.625	0	0	0	0	0	0	0	0	0	0	0	0
fig|82301.12.peg.626	0	0	0	0	0	0	0	0	1.5	3	0	0
fig|82301.12.peg.627	0	0	0	0	0	0	0	0	0	0	0	0
fig|82301.12.peg.628	0	0	0	0	0	0	0	0	0	0	0	0
fig|82301.12.peg.629	0	0	0	0	0	0	0	0	0	0	0	0
fig|82301.12.peg.63	0	0	0	0	0	0	0	0	0	0	0	0
fig|82301.12.peg.630	0	0	0	0	0	0	0	0	0	0	0	0
fig|82301.12.peg.631	0	0	0	0	0	0	0	0	0	0	0	0
fig|82301.12.peg.632	0	0	0	0	0	0	0	0	0	0	0	0
fig|82301.12.peg.633	0	0	0	0	0	0	0	0	0.71	0	0	0
fig|82301.12.peg.634	0	0	0	0	0	0	0	0	0	0	0	0
fig|82301.12.peg.635	1	0	0	0	0	0	0	0	0	0.5	0	0
fig|82301.12.peg.636	0.5	1	0.5	0.5	0	0	0	0	0	0	0	0
fig|82301.12.peg.637	0	0	0	0	0	0	0	0	0	0	0	0
fig|82301.12.peg.638	0	0	0	0	0	0	0	0	0	0	0	0
fig|82301.12.peg.639	0.5	0.5	0	0	0	0	0	0.5	0.5	3	0	0
fig|82301.12.peg.64	0	0	0	0	0	0	0	0	0	0	0	0
fig|82301.12.peg.640	0	0	0	0	0	0	0	0	0	0	0	0
fig|82301.12.peg.641	2	2	2.5	0.5	0	0	0	0	0.5	0	0	0
fig|82301.12.peg.642	0.5	0	0.5	0.5	0	0	0	0	0.5	1.5	0	0
fig|82301.12.peg.643	0	0	0	0	0	0	0	0	0	0	0	0
fig|82301.12.peg.644	0	0	0	0	0	0	0	0	0	0	0	0
fig|82301.12.peg.645	0	0	0	0	0	0	0	0	18	6.5	0	0
fig|82301.12.peg.646	0	0	0	0	0	0	0	0	1	0.5	0	0
fig|82301.12.peg.647	0	0	0	0	0	0	0	0	0	0	0	0
fig|82301.12.peg.648	0	0	0	0	0	0	0	0	0	0	0	0
fig|82301.12.peg.649	0	0	0	0	0	0	0	0	0	0	0	0
fig|82301.12.peg.65	0	0	0	0	0	0	0	0	0	0	0	0
fig|82301.12.peg.650	0	0	0	0	0	0	0	0	0	0	0	0
fig|82301.12.peg.651	0	0	0	0	0	0	0	0	0	0	0	0
fig|82301.12.peg.652	0	0	0	0	0	0	0	0	0	0	0	0
fig|82301.12.peg.653	0	0	0	0	0	0	0	0	0	0	0	0
fig|82301.12.peg.654	0	0	0	0	0	0	0	0	0	0	0	0
fig|82301.12.peg.655	0	0	0	0	0	0	0	0	1.5	0.5	0	0
fig|82301.12.peg.656	0	0.5	0.5	0	0	0	0	0	0	1	0	0
fig|82301.12.peg.657	0	0	0	0	0	0	0	0	0	0	0	0
fig|82301.12.peg.658	0	0	0	0	0	0	0	0	0	0.5	0	0
fig|82301.12.peg.659	0	0	0	0	0	0	0	0	0	0.5	0	0
fig|82301.12.peg.66	0	0	0	0	0	0	0	0	0	0	0	0
fig|82301.12.peg.660	0	0	0	0	0	0	0	0	0	0	0	0
fig|82301.12.peg.661	0	0	0	0	0	0	0	0	0	0	0	0
fig|82301.12.peg.662	0	0	0	0	0	0	0	0	0	0	0	0
fig|82301.12.peg.663	0	0	0	0	0	0	0	0	0	0	0	0
fig|82301.12.peg.664	0	0	0	0	0	0	0	0	0	0	0	0
fig|82301.12.peg.665	3	3.46	2.95	1	0	0	0	0.5	3	3.5	0	0
fig|82301.12.peg.666	0	0	0	0	0	0	0	0	0	0	0	0
fig|82301.12.peg.667	0	0	0	0	0	0	0	0	0	0	0	0
fig|82301.12.peg.668	0	0	0	0	0	0	0	0	0	0	0	0
fig|82301.12.peg.669	0	0	0	0	0	0	0	0	0	0	0	0
fig|82301.12.peg.67	0	0	0.5	0	0	0	0	0	0	0.5	0	0
fig|82301.12.peg.670	0	0	0	0	0	0	0	0	0	0	0	0
fig|82301.12.peg.671	0	0	0	0	0	0	0	0	0	0	0	0
fig|82301.12.peg.672	0.5	0	0.5	1.5	0	0	0	0	0.5	0	0	0
fig|82301.12.peg.673	0	0	0	0	0	0	0	0	0	0	0	0
fig|82301.12.peg.674	0	0	0	0	0	0	0	0	0	0	0	0
fig|82301.12.peg.675	0	0	0	0	0	0	0	0	0	0	0	0
fig|82301.12.peg.676	0	0	0	0	0	0	0	0	1.5	1	0	0
fig|82301.12.peg.677	4	0	3.5	0	0	0	0	0.5	3	2.5	0	0
fig|82301.12.peg.678	0	0	0	0	0	0	0	0	0	0	0	0
fig|82301.12.peg.679	0.5	0	0	0	0	0	0	0	2	0	0	0
fig|82301.12.peg.68	0	0	0	0	0	0	0	0	0	0	0	0
fig|82301.12.peg.680	4.99	2	2.5	0	0	0	0	0.5	1.5	5	0	0
fig|82301.12.peg.681	0.5	1	0	0	0	0	0	0	2	1	0	0
fig|82301.12.peg.682	0	0	0	0	0	0	0	0	0	0	0	0
fig|82301.12.peg.683	0	0	0	0	0	0	0	0	0	0	0	0
fig|82301.12.peg.684	0.5	0.5	1.5	0	0	0	0	0	0	1.5	0	0
fig|82301.12.peg.685	0	0	0	0	0	0	0	0	0	0	0	0
fig|82301.12.peg.686	0	0	0	0	0	0	0	0	0	0	0	0
fig|82301.12.peg.687	0	0	0	0	0	0	0	0	0	0	0	0
fig|82301.12.peg.688	0	0	0	0	0	0	0	0	0	0	0	0
fig|82301.12.peg.689	0	0	0	0	0	0	0	0	0	0	0	0
fig|82301.12.peg.69	0	0	0	0	0	0	0	0	1.5	0	0	0
fig|82301.12.peg.690	0	0	0	0	0	0	0	0	0	0	0	0
fig|82301.12.peg.691	0	0	0	0	0	0	0	0	0	0	0	0
fig|82301.12.peg.692	0	0	0	0	0	0	0	0	0	0	0	0
fig|82301.12.peg.693	0	0	0	0	0	0	0	0	0	1.5	0	0
fig|82301.12.peg.694	1.5	0	0	0.55	0	0	0	0.5	0.5	0	0	0
fig|82301.12.peg.695	0.5	0	0	0	0	0	0	0	0.5	0.5	0	0
fig|82301.12.peg.696	0	0	0	0	0	0	0	0	0	0	0	0
fig|82301.12.peg.697	0	0	0	0	0	0	0	0	0	0	0	0
fig|82301.12.peg.698	3	2	1	1	0	0	0	0.5	2.5	2	0	0
fig|82301.12.peg.699	0	0	0	0	0	0	0	0	0	0	0	0
fig|82301.12.peg.7	0	0	0	0	0	0	0	0	0	0	0	0
fig|82301.12.peg.70	0	0	0	0	0	0	0	0	0.5	1	0	0
fig|82301.12.peg.700	0	0	0	0	0	0	0	0	0	0	0	0
fig|82301.12.peg.701	0	0	1	0	0	0	0	0.5	0	0.5	0	0
fig|82301.12.peg.702	0	0	0	0	0	0	0	0	0	0	0	0
fig|82301.12.peg.703	0	0	0	0	0	0	0	0	0	0	0	0
fig|82301.12.peg.704	0	0.5	0	0.5	0	0	0	0	8.5	2.5	0	0
fig|82301.12.peg.705	0	0	0	0	0	0	0	0	0	0	0	0
fig|82301.12.peg.706	0.5	0	1	0	0	0	0	0	0	0	0	0
fig|82301.12.peg.707	0	0	0	0	0	0	0	0	0.5	2.5	0	0
fig|82301.12.peg.708	0	0	0	0	0	0	0	0	0	0	0	0
fig|82301.12.peg.709	0	0	0	0	0	0	0	0.5	0	0	0	0
fig|82301.12.peg.71	0	0	0	0	0	0	0	0	0	0	0	0
fig|82301.12.peg.710	0	0	0	0	0	0	0	0	0	0	0	0
fig|82301.12.peg.711	0	0	0	0	0	0	0	0	0.5	0	0	0
fig|82301.12.peg.712	0	0	0	0	0	0	0	0	0	0	0	0
fig|82301.12.peg.713	0	0	0	0	0	0	0	0	0.5	1	0	0
fig|82301.12.peg.714	0	0	0	0	0	0	0	0	2.5	1	0	0
fig|82301.12.peg.715	0	0	0	0	0	0	0	0	0	0	0	0
fig|82301.12.peg.716	0	0	0	0	0	0	0	0	0	0	0	0
fig|82301.12.peg.717	0	0	0	0	0	0	0	0	0	0	0	0
fig|82301.12.peg.718	0	0	0	0	0	0	0	0	0	0	0	0
fig|82301.12.peg.719	0	0	0	0	0	0	0	0	0	0	0	0
fig|82301.12.peg.72	0.99	0	0.5	0.5	0	0	0	0.5	0.49	0.49	0	0
fig|82301.12.peg.720	0	0	0	0	0	0	0	0	0	0	0	0
fig|82301.12.peg.721	0	0	0	0	0	0	0	0	0	0	0	0
fig|82301.12.peg.722	0	0	0	0	0	0	0	0	0	1	0	0
fig|82301.12.peg.723	0	0	0	0	0	0	0	0	0	0	0	0
fig|82301.12.peg.724	0	0	0	0	0	0	0	0	0	0	0	0
fig|82301.12.peg.725	0	0	0.5	0	0	0	0	0	0	0	0	0
fig|82301.12.peg.726	0.5	0	0	0	0	0	0	0	0.5	0	0	0
fig|82301.12.peg.727	0	0	0	0	0	0	0	0	0	0	0	0
fig|82301.12.peg.728	1	0	0.5	0	0	0	0	0	1	1.5	0	0
fig|82301.12.peg.729	0	0	0	0	0	0	0	0	1	0	0	0
fig|82301.12.peg.73	0	0	1.44	0	0	0	0.5	0	0.38	0.5	0	0
fig|82301.12.peg.730	0	0	0	0	0	0	0	0	0	0	0	0
fig|82301.12.peg.731	0	0	0	0	0	0	0	0	0	0	0	0
fig|82301.12.peg.732	0	0	0	0	0	0	0	0	0	0	0	0
fig|82301.12.peg.733	0	0	0	0	0	0	0	0	0	0	0	0
fig|82301.12.peg.734	0	0	0	0	0	0	0	0	0	0.5	0	0
fig|82301.12.peg.735	0	0	0	0	0	0	0	0	1	0	0	0
fig|82301.12.peg.736	0	1	0	0	0	0	0	0	0	0	0	0
fig|82301.12.peg.737	0	0	0	0	0	0	0	0	0	0	0	0
fig|82301.12.peg.738	1.5	1	0	0.5	0	0	0	0	1	1	0	0
fig|82301.12.peg.739	0	0	0	0	0	0	0	0	0	0	0	0
fig|82301.12.peg.74	0.67	0	0	0.86	0	0	0	0	0	0.28	0	0
fig|82301.12.peg.740	0	0	0	0	0	0	0	0	0	0	0	0
fig|82301.12.peg.741	0	0	0	0	0	0	0	0	0	0	0	0
fig|82301.12.peg.742	0	1	0	0	0	0	0	0	0	0	0	0
fig|82301.12.peg.743	0	0	0	0	0	0	0	0	0	0	0	0
fig|82301.12.peg.744	0.17	0	0	0.12	0	0	0	0	1.38	0.5	0	0
fig|82301.12.peg.745	1	0.5	0	0	0	0	0	0	0	0	0	0
fig|82301.12.peg.746	0	0	0	0	0	0	0	0	0	0	0	0
fig|82301.12.peg.747	0	0	0	0	0	0	0	0	0	0	0	0
fig|82301.12.peg.748	0	0	0	0	0	0	0	0	0	0	0	0
fig|82301.12.peg.749	0	0	0	0	0	0	0	0	0	0	0	0
fig|82301.12.peg.75	0.01	0	0	0	0	0	0	0	0	0	0	0
fig|82301.12.peg.750	0	0	0	0	0	0	0	0	0	0	0	0
fig|82301.12.peg.751	3.5	2	0	1.5	0	0	0	0.5	5	2.5	0	0
fig|82301.12.peg.752	0.5	0.5	1	0.5	0	0	0	0.5	1.25	1.5	0	0
fig|82301.12.peg.753	0	0	0	0	0	0	0	0	0.21	0	0	0
fig|82301.12.peg.754	0	0	0	0	0	0	0	0	0	0	0	0
fig|82301.12.peg.755	0	0	0	0	0	0	0	0	0.44	0	0	0
fig|82301.12.peg.756	0	0	0	0	0	0	0	0	1	0	0	0
fig|82301.12.peg.757	0	0	0	0	0	0	0	0	0.5	0	0	0
fig|82301.12.peg.758	0	0.3	0	0	0	0	0	0	0.44	0	0	0
fig|82301.12.peg.759	0	0.01	0	0	0	0	0	0	0.19	0	0	0
fig|82301.12.peg.76	0	0	0	0	0	0	0	0	0	0	0	0
fig|82301.12.peg.760	0	0	0	0	0	0	0	0	0	0	0	0
fig|82301.12.peg.761	0	0	0	0	0	0	0	0	0	0	0	0
fig|82301.12.peg.762	0	0	0	0	0	0	0	0	0	0	0	0
fig|82301.12.peg.763	0	0	0	0	0	0	0	0	0	0	0	0
fig|82301.12.peg.764	0	0	0	0	0	0	0	0	0.5	0	0	0
fig|82301.12.peg.765	0	0	0	0	0	0	0	0	0	0	0	0
fig|82301.12.peg.766	0	0	0	0	0	0	0	0	0	0	0	0
fig|82301.12.peg.767	0	0	0	0	0	0	0	0	0	0	0	0
fig|82301.12.peg.768	0	0	0	0	0	0	0	0	0	0	0	0
fig|82301.12.peg.769	0	0	0	0	0	0	0	0	0	0	0	0
fig|82301.12.peg.77	0	0	0	0	0	0	0	0	0	0	0	0
fig|82301.12.peg.770	0	0	0	0	0	0	0	0	0	0	0	0
fig|82301.12.peg.771	0	0	0	0	0	0	0	0	0	0	0	0
fig|82301.12.peg.772	0	0	0	0	0	0	0	0	0	0	0	0
fig|82301.12.peg.773	0	0	0	0	0	0	0	0	0	0	0	0
fig|82301.12.peg.774	0	0	0	0	0	0	0	0	0	0	0	0
fig|82301.12.peg.775	0	0	0	0	0	0	0	0	0	0	0	0
fig|82301.12.peg.776	0	0	0	0	0	0	0	0	0	0	0	0
fig|82301.12.peg.777	0	0	0	0	0	0	0	0	0	0	0	0
fig|82301.12.peg.778	0	0	0	0	0	0	0	0	0	0	0	0
fig|82301.12.peg.779	0	0	0	0	0	0	0	0	0	0	0	0
fig|82301.12.peg.78	0	0.5	0	0.5	0	0	0	0	2	1.5	0	0
fig|82301.12.peg.780	0	0.5	0.5	0.5	0	0	0	0.5	0	0	0	0
fig|82301.12.peg.781	0	0	0	0	0	0	0	0	0	0	0	0
fig|82301.12.peg.782	0	0	0	0	0	0	0	0	0	0	0	0
fig|82301.12.peg.783	0	0	0	0	0	0	0	0	0	0	0	0
fig|82301.12.peg.784	0	0	0	0	0	0	0	0	0	0	0	0
fig|82301.12.peg.785	0	0	0	0	0	0	0	0	0	0	0	0
fig|82301.12.peg.786	0	0	0	0	0	0	0	0	0	0	0	0
fig|82301.12.peg.787	0	0	0	0	0	0	0	0	0	0	0	0
fig|82301.12.peg.788	0	0	0	0	0	0	0	0	0	0	0	0
fig|82301.12.peg.789	0	0.5	1	0	0	0	0	0	0	0.5	0	0
fig|82301.12.peg.79	0	0	0	0	0	0	0	0	0	0	0	0
fig|82301.12.peg.790	0	0	0	0	0	0	0	0	0	0	0	0
fig|82301.12.peg.791	0.5	0	0	0.5	0	0	0	0	1	4.5	0	0
fig|82301.12.peg.792	0	0	0	0	0	0	0	0	0.03	0.05	0	0
fig|82301.12.peg.793	0	0	0	0	0	0	0	0	0.46	0.94	0	0
fig|82301.12.peg.794	0	0	0	0	0	0	0	0	0	0	0	0
fig|82301.12.peg.795	0	0.5	0.5	0	0	0	0	0	0	0	0	0
fig|82301.12.peg.796	0	0	0	0	0	0	0	0	0	0	0	0
fig|82301.12.peg.797	0	0	0	0	0	0	0	0	0	0	0	0
fig|82301.12.peg.798	0	0	0	0	0	0	0	0	0	0	0	0
fig|82301.12.peg.799	0	0	0	0	0	0	0	0	0	0	0	0
fig|82301.12.peg.8	0	0	0	0	0	0	0	0	0	0	0	0
fig|82301.12.peg.80	0	0	0	0	0	0	0	0	0	0	0	0
fig|82301.12.peg.800	1.5	3	0	1	0	0	0	0	2	4	0	0
fig|82301.12.peg.801	0	0	0	0	0	0	0	0	0	0	0	0
fig|82301.12.peg.802	0	0	0	0	0	0	0	0	0	1	0	0
fig|82301.12.peg.803	0	0	0	0	0	0	0	0	0	0	0	0
fig|82301.12.peg.804	0	0	0	0	0	0	0	0	0	0	0	0
fig|82301.12.peg.805	0	0	0	0	0	0	0	0	0	0	0	0
fig|82301.12.peg.806	0	0	0	0	0	0	0	0	0	0	0	0
fig|82301.12.peg.807	0	0	0	0	0	0	0	0	0	0	0	0
fig|82301.12.peg.808	0	0	0	0	0	0	0	0	0	0	0	0
fig|82301.12.peg.809	0	0	0.5	0	0	0	0	0	0	0.5	0	0
fig|82301.12.peg.81	0	0	1	0	0	0	0	0	3	1	0	0
fig|82301.12.peg.810	3	2	2	2.5	0	0	0	0.5	3.5	3	0	0.5
fig|82301.12.peg.811	0	0	0	0	0	0	0	0	0	0	0	0
fig|82301.12.peg.812	0	0	0	0	0	0	0	0	0	0	0	0
fig|82301.12.peg.813	0	0	0	0	0	0	0	0	0	0	0	0
fig|82301.12.peg.814	0	0	0	0	0	0	0	0	0	0	0	0
fig|82301.12.peg.815	0	0	0	0	0	0	0	0	0	0.5	0	0
fig|82301.12.peg.816	0	0	0	0	0	0	0	0	0	0	0	0
fig|82301.12.peg.817	0	0	0	0	0	0	0	0	0	0	0	0
fig|82301.12.peg.818	0	0	0.5	0	0	0	0	0	0	0	0	0
fig|82301.12.peg.819	0	0	0	0	0	0	0	0	0	0	0	0
fig|82301.12.peg.82	0	0	0	0	0	0	0	0	0	0	0	0
fig|82301.12.peg.820	0	0	0	0	0	0	0	0	0	0	0	0
fig|82301.12.peg.821	0	0	0	0	0	0	0	0	0	0	0	0
fig|82301.12.peg.822	0	0	0	0	0	0	0	0	0	0	0	0
fig|82301.12.peg.823	0	0	0	0	0	0	0	0	0	0	0	0
fig|82301.12.peg.824	0	0	0.5	0.5	0	0	0	0	0.5	0.5	0	0
fig|82301.12.peg.825	1	1	2	0	0	0	0.5	1	2	0	0	0
fig|82301.12.peg.826	0	0	0	0	0	0	0	0	0	0	0	0
fig|82301.12.peg.827	0	0	0	0	0	0	0	0	0	0	0	0
fig|82301.12.peg.828	0	0	0	0	0	0	0	0	0	0	0	0
fig|82301.12.peg.829	0.5	0	0	0	0	0	0	0	0	1	0	0
fig|82301.12.peg.83	0	0	0	0	0	0	0	0	0	0	0	0
fig|82301.12.peg.830	0.5	0.5	0.5	1	0	0	0	0.5	1.45	1	0	0
fig|82301.12.peg.831	0	0	0	0	0	0	0	0	0	0	0	0
fig|82301.12.peg.832	0	0	0	0	0	0	0	0	0	0	0	0
fig|82301.12.peg.833	0	0	0	0	0	0	0	0	0	0	0	0
fig|82301.12.peg.834	0.5	0.5	1	0	0	0	0	0	1.5	0.5	0	0
fig|82301.12.peg.835	0	0	0	0	0	0	0	0	0	0	0	0
fig|82301.12.peg.836	0	0	0	0	0	0	0	0	0.5	0	0	0
fig|82301.12.peg.837	1	0.5	1	0.5	0	0	0	0.5	0	0	0	0
fig|82301.12.peg.838	0	0	0	0	0	0	0	0	0	0	0	0
fig|82301.12.peg.839	0	0	0	0	0	0	0	0	0	0	0	0
fig|82301.12.peg.84	0	0.5	0	0	0	0	0	0	1.5	0	0	0
fig|82301.12.peg.840	0	0	0	0	0	0	0	0	0	0	0	0
fig|82301.12.peg.841	0	0	0	0	0	0	0	0	0	0	0	0
fig|82301.12.peg.842	0	0	0	0	0	0	0	0	0	0	0	0
fig|82301.12.peg.843	1	0	0	0	0	0	0	0.5	2	2	0	0
fig|82301.12.peg.844	0	0	0	0	0	0	0	0	0	0	0	0
fig|82301.12.peg.845	0	0	0	0	0	0	0	0	0	0	0	0
fig|82301.12.peg.846	0	0	0.5	0	0	0	0	0	0.5	0.5	0	0
fig|82301.12.peg.847	0	0	0	0	0	0	0	0	0	0	0	0
fig|82301.12.peg.848	0	0	0	0	0	0	0	0	0	0	0	0
fig|82301.12.peg.849	0	0	0	0	0	0	0	0	0	0	0	0
fig|82301.12.peg.85	0	0	0	0	0	0	0	0	0	0	0	0
fig|82301.12.peg.850	2	1	1	1.5	0.5	0	0	0.5	7	2.47	0	0
fig|82301.12.peg.851	1.5	0.5	1.94	0.5	0	0	0	0	3	1.5	0	0
fig|82301.12.peg.852	0	0	0.03	0	0	0	0	0	0	0	0	0
fig|82301.12.peg.853	0	0	0	0	0	0	0	0	0	0	0	0
fig|82301.12.peg.854	0	0	0	0	0	0	0	0	0	0	0	0
fig|82301.12.peg.855	0	0	0	0	0	0	0	0	0	0	0	0
fig|82301.12.peg.856	1.65	1.94	1.36	0	0	0	0	0	0	0.45	0	0
fig|82301.12.peg.857	0.5	0	0	0	0	0	0	0	1	0.5	0	0
fig|82301.12.peg.858	0	0	0	0	0	0	0	0	0	0	0	0
fig|82301.12.peg.859	0	0	0	0	0	0	0	0	0	0	0	0
fig|82301.12.peg.86	0	0	0	0	0	0	0	0	0	0	0	0
fig|82301.12.peg.860	0	0	0	0	0	0	0	0	0	0	0	0
fig|82301.12.peg.861	0	0	0	0	0	0	0	0	1	0	0	0
fig|82301.12.peg.862	0	0	0	0	0	0	0	0	0	0	0	0
fig|82301.12.peg.863	0	0	0	0	0	0	0	0	0	0	0	0
fig|82301.12.peg.864	0	0	0	0	0	0	0	0	0	0	0	0
fig|82301.12.peg.865	0	0	0	0	0	0	0	0	0.5	0	0	0
fig|82301.12.peg.866	0	0	0	0	0	0	0	0	0	0	0	0
fig|82301.12.peg.867	0.5	0	0	0	0	0	0	0	0	0	0	0
fig|82301.12.peg.868	0	0	0	0	0	0	0	0	0	0	0	0
fig|82301.12.peg.869	0.5	0.5	0	0.5	0	0	0	0	0.5	3.5	0	0
fig|82301.12.peg.87	0	0	0	0	0	0	0	0	0	0	0	0
fig|82301.12.peg.870	0	0	0	0	0	0	0	0	0	0	0	0
fig|82301.12.peg.871	0	0	0	0	0	0	0	0	0.5	0.5	0	0
fig|82301.12.peg.88	0	0	0	0	0	0	0	0	0	1	0	0
fig|82301.12.peg.89	0	0	0	0	0	0	0	0	0	0	0	0
fig|82301.12.peg.9	0	0	0	0	0	0	0	0	0	0	0	0
fig|82301.12.peg.90	0	0	0	0	0	0	0	0	0	0	0	0
fig|82301.12.peg.91	0	0	0	0	0	0	0	0	0	0	0	0
fig|82301.12.peg.92	0	0	0.5	0	0	0	0	0	0	0.5	0	0
fig|82301.12.peg.93	0	0	0	0	0	0	0	0	0	0	0	0
fig|82301.12.peg.94	0	0	0	0	0	0	0	0	0	0	0	0
fig|82301.12.peg.95	0	0	0	0	0	0	0	0	0	0	0	0
fig|82301.12.peg.96	0	0	0	0	0	0	0	0	0	0	0	0
fig|82301.12.peg.97	0	0	0	0	0	0	0	0	0	0	0	0
fig|82301.12.peg.98	0	0	0	0	0	0	0	0	0	0	0	0
fig|82301.12.peg.99	0	0	0	0	0	0	0	0	0.66	0.25	0	0
